year,   jan,    feb,    mar,    apr,    may,    jun,   jul,   aug,   sep,   oct,   nov,   dec,    win,    spr,    sum,    aut,    ann
1836,  67.7,   59.0,  103.1,   90.7,   21.5,   39.9,  65.1,  64.4,  94.8, 126.1, 100.0,  60.1,    ---,  215.3,  169.4,  320.9,  892.3
1837,  80.2,   81.1,   19.8,   34.4,   24.9,   34.3,  44.2,  87.5,  42.7,  67.6,  51.9,  53.7,  221.4,   79.2,  166.1,  162.2,  622.5
1838,  12.9,   58.1,   37.6,   22.7,   28.6,   91.8,  44.0,  37.9,  85.9,  68.5, 122.8,  69.1,  124.7,   88.9,  173.7,  277.3,  679.9
1839,  48.6,   53.5,   51.4,   37.5,   25.2,   65.0, 104.8,  54.0, 137.5,  72.7, 117.7, 108.1,  171.1,  114.1,  223.7,  327.9,  876.0
1840,  87.0,   49.3,    7.6,    5.0,   53.2,   34.0,  59.9,  49.9,  82.8,  38.9, 121.6,  12.7,  244.5,   65.8,  143.8,  243.3,  601.9
1841,  78.7,   44.5,   49.0,   47.8,   64.3,   55.5,  63.3,  78.4, 130.4, 159.7, 114.1,  73.2,  135.9,  161.0,  197.2,  404.2,  958.9
1842,  43.2,   52.9,   61.8,    8.8,   42.9,   33.6,  41.0,  62.5,  91.1,  41.6, 143.9,  40.8,  169.3,  113.5,  137.1,  276.6,  664.1
1843,  54.9,   58.8,   24.0,   56.5,  122.0,   51.8,  52.1,  90.1,  18.6, 113.8,  69.1,  17.8,  154.6,  202.5,  194.0,  201.5,  729.5
1844,  67.5,   75.0,   75.9,   11.2,    9.3,   30.0,  48.7,  66.4,  35.6, 118.9,  99.3,  14.7,  160.3,   96.4,  145.1,  253.8,  652.5
1845,  73.0,   32.5,   29.7,   33.8,   61.1,   45.4,  55.7,  69.2,  68.0,  49.3,  77.6,  70.2,  120.1,  124.6,  170.3,  194.8,  665.4
1846, 102.7,   37.7,   47.3,   67.9,   43.2,   31.8,  55.5,  96.2,  51.1, 146.4,  48.5,  35.1,  210.6,  158.4,  183.5,  246.1,  763.5
1847,  46.2,   41.5,   27.3,   31.2,   45.4,   44.4,  24.2,  37.2,  44.8,  76.4,  55.3,  91.2,  122.7,  103.9,  105.8,  176.5,  565.0
1848,  47.3,   95.4,   83.1,   96.7,   14.8,  104.0,  70.7, 112.5,  79.3, 132.8,  48.2,  91.0,  233.9,  194.6,  287.3,  260.3,  975.9
1849,  54.1,   54.6,   22.7,   83.8,   76.7,   22.4,  63.0,  25.3,  88.4,  95.9,  39.7,  77.3,  199.7,  183.2,  110.7,  224.0,  703.9
1850,  33.1,   43.8,    8.2,   84.9,   68.9,   42.5,  85.1,  57.2,  54.0,  46.1,  72.4,  55.2,  154.1,  162.0,  184.8,  172.5,  651.3
1851,  97.5,   27.9,   99.6,   47.7,   24.6,   38.8,  83.7,  48.9,   8.4,  83.9,  23.3,  27.1,  180.6,  171.8,  171.4,  115.6,  611.3
1852, 126.0,   32.4,   10.9,   15.8,   58.1,  138.0,  57.8, 121.6, 119.0, 136.7, 182.6,  93.5,  185.5,   84.8,  317.4,  438.3, 1092.4
1853,  93.8,   30.9,   36.7,   76.8,   51.8,   64.5, 106.6,  81.4,  60.7, 138.1,  37.6,  14.6,  218.2,  165.2,  252.5,  236.5,  793.5
1854,  59.1,   24.9,    9.4,    9.6,   89.2,   49.1,  46.5,  46.8,  25.9,  89.0,  50.3,  42.3,   98.6,  108.2,  142.4,  165.3,  542.2
1855,  13.4,   36.8,   56.9,   10.8,   57.0,   42.9, 111.0,  36.8,  47.0, 149.7,  40.5,  43.4,   92.5,  124.7,  190.7,  237.1,  646.2
1856,  69.6,   34.6,   29.0,   92.4,   93.0,   38.7,  37.5,  73.1,  90.0,  66.2,  30.8,  74.5,  147.7,  214.4,  149.4,  187.1,  729.6
1857,  75.0,   12.9,   42.5,   50.5,   31.4,   52.7,  45.0,  70.8,  96.6, 133.2,  50.9,  19.3,  162.4,  124.4,  168.5,  280.7,  680.8
1858,  24.7,   32.1,   26.8,   67.6,   54.0,   18.4,  66.9,  52.3,  41.6,  51.4,  32.1,  69.7,   76.1,  148.3,  137.7,  125.1,  537.5
1859,  42.1,   50.5,   44.2,   66.7,   47.1,   56.0,  64.1,  59.6, 100.5, 100.5,  95.5,  91.9,  162.3,  158.0,  179.8,  296.5,  818.8
1860,  91.7,   31.8,   58.9,   45.0,   84.0,  145.6,  61.5, 115.5,  91.9,  55.4,  75.2,  82.5,  215.4,  187.9,  322.6,  222.5,  939.1
1861,  16.8,   51.2,   66.9,   18.5,   39.2,   69.6,  82.9,  23.5,  72.3,  37.9, 132.4,  43.3,  150.5,  124.5,  176.0,  242.7,  654.5
1862,  60.5,   16.2,  112.0,   55.7,   88.2,   58.9,  47.3,  55.4,  50.5, 130.4,  26.8,  57.0,  120.0,  255.9,  161.6,  207.7,  758.9
1863,  88.8,   23.3,   22.5,   21.1,   45.5,  102.9,  20.6,  65.2,  94.5,  86.0,  51.8,  51.7,  169.1,   89.0,  188.6,  232.3,  673.8
1864,  33.2,   33.2,   79.3,   36.3,   44.0,   34.2,  12.8,  30.9,  72.0,  43.7,  94.2,  33.3,  118.1,  159.6,   77.9,  209.9,  547.1
1865, 101.7,   63.1,   33.3,   15.4,   73.8,   48.1,  71.9, 103.7,   4.7, 200.9,  90.2,  58.2,  198.1,  122.4,  223.6,  295.9,  865.0
1866, 118.9,  113.5,   55.4,   53.3,   37.1,   71.9,  52.2,  69.8, 151.6,  41.6,  51.6,  60.6,  290.7,  145.9,  193.9,  244.8,  877.6
1867,  89.3,   51.4,   78.8,   56.3,   53.5,   41.3, 109.1,  54.9,  54.3,  74.9,  25.7,  44.5,  201.3,  188.6,  205.3,  155.0,  734.0
1868, 105.5,   36.7,   42.9,   57.9,   30.5,   13.5,  35.4,  98.5,  82.8,  70.3,  44.2, 163.1,  186.6,  131.3,  147.4,  197.2,  781.2
1869,  91.6,   72.0,   47.9,   33.3,  104.8,   34.9,  17.1,  33.4, 112.3,  55.8,  57.6,  95.1,  326.7,  186.0,   85.4,  225.8,  755.8
1870,  47.5,   52.4,   47.7,   10.3,   33.0,   11.1,  35.9,  50.8,  50.4, 109.8,  51.8,  76.9,  195.1,   91.0,   97.8,  212.0,  577.7
1871,  68.5,   38.9,   37.3,   93.8,   18.3,   73.2,  96.1,  34.8, 123.8,  42.9,  17.2,  49.3,  184.3,  149.5,  204.1,  183.9,  694.1
1872, 143.7,   50.9,   63.1,   40.5,   78.5,   72.8,  77.7,  51.1,  45.0, 128.1, 127.2, 132.8,  243.9,  182.1,  201.5,  300.3, 1011.3
1873,  98.5,   51.0,   60.4,   22.1,   37.2,   54.6,  54.5,  64.0,  64.9,  82.4,  66.3,  16.5,  282.3,  119.7,  173.2,  213.7,  672.5
1874,  52.3,   49.7,   17.5,   52.6,   23.0,   50.3,  32.0,  56.8,  89.1, 109.7,  68.7,  65.8,  118.5,   93.1,  139.1,  267.5,  667.5
1875, 105.7,   46.4,   24.1,   35.9,   44.4,   73.6, 126.9,  41.0,  57.4, 139.5, 116.9,  34.6,  217.9,  104.3,  241.6,  313.7,  846.4
1876,  33.8,   73.2,   84.6,   60.9,   22.1,   44.5,  17.8,  79.4, 111.5,  43.0,  91.1, 180.3,  141.6,  167.7,  141.7,  245.6,  842.3
1877, 155.7,   47.0,   64.8,   76.4,   63.7,   28.9,  84.8,  83.1,  43.6,  64.4, 162.1,  57.1,  383.0,  204.9,  196.8,  270.1,  931.6
1878,  39.8,   48.9,   36.9,   77.0,  104.6,   57.6,  37.0, 124.8,  38.5,  84.7,  91.7,  47.6,  145.8,  218.5,  219.5,  214.9,  789.2
1879,  84.7,  103.1,   20.5,   78.4,   82.1,  116.7,  98.0, 137.0,  83.9,  25.6,  20.7,  24.6,  235.5,  181.0,  351.6,  130.2,  875.3
1880,  12.9,   83.7,   26.9,   50.7,   10.8,   69.7, 105.5,  30.0, 110.9, 161.1,  79.7,  93.9,  121.2,   88.4,  205.2,  351.8,  836.0
1881,  45.1,   76.9,   58.4,   16.2,   32.4,   57.6,  47.2, 129.2,  59.8,  61.4,  99.0,  85.8,  215.9,  107.0,  234.0,  220.2,  769.0
1882,  38.3,   43.3,   33.1,   91.1,   42.6,   78.1,  78.8,  48.4,  74.9, 170.4,  92.1,  74.9,  167.5,  166.8,  205.2,  337.4,  866.0
1883,  69.3,  110.0,   27.1,   34.5,   55.0,   50.9,  72.6,  25.2,  95.7,  65.0, 100.3,  26.4,  254.3,  116.5,  148.7,  261.0,  732.0
1884,  77.4,   51.8,   52.8,   41.3,   19.8,   56.5,  59.5,  31.8,  68.3,  33.1,  35.9,  87.1,  155.6,  113.9,  147.8,  137.3,  615.3
1885,  62.5,   90.7,   44.8,   43.3,   79.3,   40.1,   8.9,  26.5, 119.5, 103.3,  90.1,  34.6,  240.3,  167.4,   75.4,  313.0,  743.6
1886, 104.5,   17.1,   48.2,   50.8,  100.2,   20.9,  67.8,  37.4,  47.8,  99.3,  92.7, 133.7,  156.2,  199.2,  126.0,  239.8,  820.4
1887,  64.8,   19.2,   42.6,   38.4,   41.0,   28.9,  22.1,  56.0,  71.2,  42.8, 107.2,  54.2,  217.8,  122.0,  107.0,  221.2,  588.4
1888,  25.6,   36.7,   92.8,   45.1,   38.3,   75.1, 131.9,  54.8,  32.0,  44.9, 121.6,  52.7,  116.5,  176.2,  261.7,  198.6,  751.6
1889,  25.4,   57.7,   55.9,   63.6,   62.9,   30.9,  67.8,  64.9,  33.3, 128.5,  31.1,  46.1,  135.8,  182.4,  163.6,  192.9,  668.1
1890,  80.3,   24.4,   44.7,   60.3,   46.6,   68.0,  97.6,  77.3,  30.0,  30.8,  62.3,  22.7,  150.8,  151.6,  242.8,  123.0,  644.8
1891,  62.3,    1.3,   59.3,   21.3,   72.0,   39.0,  74.0, 133.9,  34.7, 186.0,  78.6, 103.9,   86.4,  152.5,  246.9,  299.3,  866.3
1892,  21.4,   36.8,   30.5,   27.3,   25.1,   58.5,  60.2,  93.9,  67.6, 122.2,  70.7,  44.5,  162.1,   83.0,  212.6,  260.5,  658.8
1893,  51.9,   96.7,   11.6,    1.4,   22.9,   26.0,  87.7,  30.6,  51.0, 104.2,  61.9,  73.0,  193.2,   35.9,  144.3,  217.1,  619.0
1894,  87.3,   52.9,   40.7,   55.8,   47.1,   57.5, 117.6,  60.0,  64.7, 108.5, 130.7,  60.3,  213.1,  143.6,  235.1,  303.9,  883.0
1895,  69.5,    6.1,   49.1,   53.1,    9.3,   16.8,  97.2,  66.1,  21.7,  90.0, 131.2,  70.1,  135.9,  111.5,  180.1,  242.9,  680.1
1896,  23.2,    9.8,   82.1,   17.4,    7.8,   66.3,  29.4,  62.9, 167.0,  96.7,  32.2, 108.7,  103.1,  107.3,  158.6,  295.9,  703.4
1897,  60.5,   77.2,  109.6,   50.9,   33.0,   61.9,  25.1,  88.1,  67.5,  20.5,  31.4,  98.3,  246.3,  193.6,  175.2,  119.3,  724.0
1898,  16.7,   38.7,   29.4,   35.6,   88.1,   45.1,  14.6,  35.9,  24.8,  96.8,  92.1,  72.3,  153.6,  153.1,   95.6,  213.6,  590.0
1899,  85.9,   72.3,   19.2,   72.5,   40.6,   35.8,  29.8,  26.6,  69.8,  63.9, 107.6,  46.6,  230.5,  132.3,   92.1,  241.3,  670.5
1900,  89.2,  130.5,   28.4,   31.9,   34.7,   69.6,  29.8,  69.2,  21.7,  62.2,  76.1,  99.3,  266.3,   95.1,  168.7,  160.0,  742.8
1901,  31.9,   40.9,   56.6,   59.2,   26.9,   39.0,  64.1,  50.7,  46.5,  61.0,  16.8, 119.2,  172.0,  142.7,  153.8,  124.3,  612.7
1902,  26.2,   35.6,   46.7,   30.2,   60.6,   81.7,  34.3,  96.7,  29.8,  54.3,  71.6,  48.4,  180.9,  137.5,  212.8,  155.6,  616.0
1903,  70.1,   40.6,   83.2,   61.7,   79.9,  114.1,  98.2, 101.6,  66.3, 187.1,  55.0,  61.7,  159.1,  224.8,  314.0,  308.4, 1019.7
1904, 105.9,   90.1,   37.4,   33.3,   74.1,   28.1,  47.9,  57.0,  45.8,  50.3,  40.0,  76.5,  257.7,  144.7,  132.9,  136.1,  686.3
1905,  25.1,   19.2,  106.8,   52.4,   20.9,  110.7,  17.8,  78.1,  52.3,  46.3, 104.9,  22.2,  120.8,  180.2,  206.6,  203.4,  656.7
1906, 130.1,   66.2,   39.4,   23.5,   52.6,   58.4,  19.7,  27.0,  34.4, 127.6, 123.6,  54.8,  218.5,  115.4,  105.0,  285.6,  757.1
1907,  25.0,   38.6,   22.6,   90.0,   57.3,   56.3,  44.4,  50.7,  15.9, 152.2,  64.9,  94.7,  118.4,  169.9,  151.5,  233.0,  712.7
1908,  42.4,   32.4,   76.2,   69.7,   46.9,   30.5,  66.0,  93.9,  48.3,  47.1,  29.1,  75.9,  169.4,  192.7,  190.4,  124.5,  658.2
1909,  25.9,   13.9,   98.3,   43.9,   38.1,   87.6,  74.0,  67.0,  83.1, 161.7,  22.3, 107.4,  115.6,  180.3,  228.6,  267.2,  823.2
1910,  72.2,   98.9,   31.6,   55.8,   55.3,   82.5,  62.3,  67.1,  11.4,  95.3, 104.9, 119.8,  278.6,  142.8,  211.8,  211.6,  857.2
1911,  34.7,   42.3,   57.0,   43.1,   39.9,   53.2,   9.7,  27.2,  34.0, 104.6, 118.3, 181.7,  196.8,  140.0,   90.0,  256.9,  745.6
1912,  92.7,   61.5,  108.8,    2.3,   34.4,   93.5,  49.9, 156.2,  67.5,  91.8,  55.8, 100.0,  335.8,  145.5,  299.6,  215.1,  914.4
1913, 111.4,   28.8,   75.3,   81.0,   52.8,   16.0,  49.5,  40.4,  64.1, 111.0,  84.6,  40.8,  240.2,  209.1,  105.9,  259.7,  755.7
1914,  19.0,  102.2,  128.0,   34.0,   35.2,   31.1,  65.9,  46.7,  29.4,  64.1, 102.1, 205.7,  162.0,  197.1,  143.6,  195.6,  863.1
1915, 104.3,  127.0,   24.3,   33.7,   92.4,   25.5, 105.9,  55.1,  63.9,  85.0,  74.4, 180.9,  437.0,  150.4,  186.6,  223.3,  972.5
1916,  37.1,  122.0,  103.1,   29.3,   49.8,   59.3,  31.0,  90.6,  44.5, 127.3, 120.5,  96.5,  339.9,  182.1,  180.9,  292.3,  910.9
1917,  36.6,   26.0,   57.0,   52.1,   51.4,   68.8, 102.2, 144.6,  43.3, 110.0,  31.0,  42.9,  159.1,  160.5,  315.6,  184.3,  766.0
1918,  88.3,   32.8,   26.7,   71.6,   44.6,   26.6, 123.1,  41.4, 147.4,  49.0,  64.3,  66.4,  164.0,  142.9,  191.1,  260.7,  782.3
1919, 118.8,   67.2,  114.8,   66.7,   11.7,   24.5,  53.0,  74.3,  41.4,  25.0,  58.6, 129.4,  252.5,  193.2,  151.9,  125.1,  785.5
1920,  89.2,   18.0,   48.1,   88.6,   34.5,   50.4, 128.4,  38.7,  62.6,  57.1,  40.4,  74.6,  236.6,  171.2,  217.5,  160.1,  730.6
1921,  75.7,   12.0,   36.7,   28.2,   41.2,    4.7,   9.7,  43.8,  32.5,  26.6,  52.3,  47.7,  162.3,  106.2,   58.2,  111.3,  411.2
1922,  97.7,   71.2,   59.4,   84.3,   23.0,   35.8,  98.5,  80.9,  56.1,  34.5,  45.5,  97.8,  216.6,  166.7,  215.2,  136.1,  784.7
1923,  41.8,  122.1,   58.0,   69.6,   63.5,   12.5,  40.0,  61.5,  54.5, 152.5,  52.0,  81.2,  261.7,  191.2,  114.0,  258.9,  809.1
1924,  77.0,   14.5,   35.8,   82.2,  101.5,   64.4, 100.9,  74.9,  99.6, 112.4,  77.5, 121.1,  172.7,  219.6,  240.2,  289.5,  961.8
1925,  79.7,  109.4,   17.7,   65.1,   84.4,    3.3,  94.0,  71.6,  76.2,  94.4,  71.2,  92.6,  310.2,  167.2,  168.8,  241.8,  859.5
1926, 100.9,   62.8,   13.3,   90.4,   55.1,   75.4,  50.2,  40.6,  24.0,  72.8, 172.7,  14.2,  256.3,  158.7,  166.1,  269.5,  772.3
1927,  65.6,  109.0,   87.4,   49.0,   26.1,   85.6,  88.9, 105.5, 138.4,  53.1,  84.5, 106.0,  188.9,  162.5,  280.0,  275.9,  999.2
1928, 117.6,   48.3,   60.5,   51.1,   45.7,   65.0,  46.9,  58.7,  28.5, 151.3,  83.8,  79.9,  271.9,  157.4,  170.5,  263.5,  837.3
1929,  33.6,   21.7,    2.8,   24.7,   49.0,   37.4,  40.4,  49.8,  13.4, 102.1, 190.4, 179.5,  135.3,   76.6,  127.6,  305.9,  744.8
1930, 100.7,   27.7,   39.1,   53.9,   61.4,   22.8,  63.9,  87.5,  87.9,  48.9, 131.4,  80.0,  307.9,  154.4,  174.2,  268.2,  805.2
1931,  54.2,   55.7,   12.9,   85.5,   72.7,   49.6,  90.9, 105.9,  51.4,  16.5, 101.9,  21.9,  190.0,  171.0,  246.4,  169.9,  719.1
1932,  70.8,    7.1,   43.5,   70.7,  109.8,   35.5,  83.4,  28.0,  74.4, 155.2,  40.4,  23.8,   99.8,  223.9,  147.0,  269.9,  742.4
1933,  57.7,   84.3,   78.0,   28.5,   51.9,   48.3,  50.8,  22.2,  83.8,  52.5,  26.9,  16.8,  165.8,  158.4,  121.3,  163.2,  601.8
1934,  64.0,    4.0,   71.8,   58.5,   19.8,   34.3,  40.7,  63.6,  50.4,  48.6,  70.5, 196.8,   84.8,  150.1,  138.6,  169.5,  723.0
1935,  25.2,   89.9,   15.7,   93.0,   35.3,   88.9,  22.7,  78.8, 112.7, 110.9, 164.2,  99.7,  311.9,  144.0,  190.4,  387.9,  937.0
1936, 123.0,   60.3,   49.3,   49.4,   14.6,   79.8, 108.4,  18.8,  74.3,  47.5, 103.2,  75.9,  282.9,  113.3,  207.1,  224.9,  804.4
1937, 144.0,  129.1,  101.4,   68.1,   71.0,   41.6,  35.2,  35.4,  58.8,  89.2,  44.1, 103.3,  349.0,  240.5,  112.2,  192.2,  921.3
1938,  87.3,   20.0,   10.0,    5.8,   52.5,   20.2,  54.5,  57.6,  55.5,  92.5, 102.9,  94.3,  210.6,   68.3,  132.4,  250.9,  653.1
1939, 137.9,   37.9,   38.6,   67.7,   37.6,   43.6,  92.8,  59.5,  28.2, 157.9, 149.8,  44.8,  270.1,  143.9,  195.9,  335.8,  896.2
1940,  68.3,   68.4,   76.7,   40.5,   29.3,   16.0,  77.4,   2.5,  40.5,  97.6, 199.2,  49.2,  181.4,  146.5,   95.9,  337.3,  765.5
1941,  78.8,   73.5,   80.3,   41.9,   49.6,   46.5,  74.8, 112.8,  12.8,  34.9,  81.1,  50.7,  201.5,  171.7,  234.1,  128.8,  737.7
1942,  80.6,   18.4,   64.0,   39.6,   89.3,    9.1,  51.5,  80.6,  53.7,  98.7,  48.5,  93.5,  149.6,  193.0,  141.2,  201.0,  727.6
1943, 143.9,   38.0,   14.5,   27.7,   69.6,   38.1,  53.4,  45.3,  46.1,  85.7,  46.1,  53.0,  275.4,  111.9,  136.8,  177.9,  661.5
1944,  50.9,   23.1,    5.4,   39.1,   16.4,   46.3,  63.2,  60.9,  63.4, 116.0, 131.9,  59.1,  127.0,   60.9,  170.4,  311.3,  675.8
1945,  49.0,   52.9,   28.6,   28.4,   56.4,   58.9,  73.8,  50.2,  52.0,  84.9,  11.5, 102.9,  161.0,  113.4,  182.9,  148.4,  649.5
1946,  63.4,   71.6,   33.8,   57.2,   88.1,   75.4,  47.0, 126.6, 100.2,  33.2, 136.5,  78.0,  237.9,  179.0,  249.1,  269.9,  910.9
1947,  63.8,   43.6,  152.8,   54.3,   39.4,   54.8,  50.4,  11.7,  34.7,  16.0,  38.8,  72.9,  185.4,  246.5,  116.9,   89.5,  633.1
1948, 132.1,   36.9,   23.9,   42.2,   75.8,   64.9,  32.8,  98.4,  57.3,  57.8,  46.9, 105.0,  241.9,  141.9,  196.1,  162.0,  774.1
1949,  30.4,   34.6,   31.9,   42.2,   54.7,   15.9,  25.4,  36.7,  50.5, 189.7,  89.6,  43.4,  170.0,  128.8,   78.0,  329.9,  645.1
1950,  24.0,  128.4,   33.5,   64.8,   42.9,   35.0,  99.4,  82.9,  84.4,  18.4, 155.3,  54.2,  195.8,  141.3,  217.3,  258.1,  823.3
1951,  89.3,  154.2,  100.1,   70.6,   64.4,   33.2,  47.6, 120.4,  87.1,  32.3, 175.2,  70.6,  297.8,  235.0,  201.1,  294.5, 1044.8
1952,  62.8,   22.3,   78.0,   42.6,   62.5,   37.3,  17.0,  89.7,  87.9,  96.1, 101.2,  74.6,  155.7,  183.1,  143.9,  285.2,  771.9
1953,  27.2,   40.2,   11.7,   59.6,   49.6,   49.9,  89.1,  53.8,  82.2,  87.7,  42.5,  21.3,  142.0,  120.9,  192.9,  212.3,  614.7
1954,  43.0,   68.9,   77.4,    8.5,   57.8,   92.0,  78.4,  86.2,  66.6,  66.7, 146.3,  64.3,  133.2,  143.7,  256.6,  279.5,  856.1
1955,  85.3,   46.0,   34.1,   10.9,  109.0,   65.0,  21.1,  28.1,  46.9,  96.5,  50.7,  88.2,  195.7,  154.1,  114.2,  194.1,  681.9
1956, 118.9,   12.0,   19.2,   37.3,   10.7,   59.0,  84.1, 100.1,  82.9,  47.1,  20.2, 110.9,  219.1,   67.2,  243.2,  150.2,  702.5
1957,  58.4,  102.2,   43.3,    6.8,   36.9,   36.6, 101.0,  72.0,  83.5,  51.9,  74.5,  65.2,  271.5,   86.9,  209.6,  209.9,  732.3
1958,  89.0,   72.2,   41.8,   28.1,   61.8,  100.3,  56.3,  99.6, 109.8,  83.9,  60.0,  96.7,  226.5,  131.7,  256.2,  253.7,  899.5
1959,  87.7,    3.7,   69.1,   66.2,   22.9,   28.4,  52.9,  44.5,   3.5,  73.0,  96.7, 168.6,  188.1,  158.2,  125.8,  173.2,  717.2
1960,  87.4,   65.8,   48.0,   26.0,   43.5,   55.4,  91.7, 107.0, 101.9, 197.0, 136.8, 104.0,  321.8,  117.5,  254.1,  435.6, 1064.3
1961, 107.8,   67.0,    2.9,   85.3,   30.4,   32.5,  41.7,  40.3,  72.8,  97.8,  60.8, 100.2,  278.8,  118.6,  114.4,  231.4,  739.5
1962, 105.9,   14.6,   39.9,   49.9,   51.0,    7.1,  49.9,  84.6,  86.0,  43.5,  78.8,  70.4,  220.7,  140.8,  141.6,  208.3,  681.6
1963,  19.6,   22.1,  101.9,   80.1,   45.5,   70.3,  41.0,  88.3,  68.4,  53.0, 154.3,  24.1,  112.0,  227.5,  199.6,  275.6,  768.5
1964,  21.6,   29.9,   94.8,   73.2,   72.2,   89.3,  27.8,  30.3,  20.7,  51.6,  58.1,  70.9,   75.6,  240.2,  147.4,  130.4,  640.4
1965,  78.0,    9.9,   64.5,   44.0,   48.2,   58.1,  84.6,  66.9, 119.2,  18.2,  90.7, 130.6,  158.8,  156.7,  209.5,  228.1,  812.8
1966,  47.8,  113.4,   17.6,   98.8,   56.1,   68.5,  83.6,  86.1,  35.4, 152.5,  62.3,  84.2,  291.8,  172.6,  238.2,  250.2,  906.3
1967,  68.0,   77.5,   55.7,   51.0,  117.3,   44.9,  30.7,  60.7,  85.7, 139.7,  59.9,  66.4,  229.7,  224.0,  136.3,  285.3,  857.5
1968,  65.3,   50.1,   29.2,   65.9,   62.8,   75.8,  74.3,  67.7, 156.0,  85.8,  47.6,  83.7,  181.8,  157.9,  217.9,  289.3,  864.2
1969,  90.7,   48.5,   64.9,   27.5,   85.8,   34.2,  68.6,  74.0,  22.5,   6.1, 118.4,  76.0,  222.9,  178.2,  176.9,  147.0,  717.3
1970, 103.2,   59.9,   51.1,   63.0,   26.2,   30.9,  59.0,  63.0,  71.9,  19.8, 188.2,  43.0,  239.1,  140.4,  152.9,  279.9,  779.3
1971, 107.3,   24.6,   66.2,   54.2,   51.9,  136.5,  25.8,  73.9,  14.0,  62.8,  64.1,  26.4,  174.9,  172.3,  236.2,  140.8,  707.6
1972,  84.7,   72.1,   68.1,   62.1,   58.4,   44.3,  38.9,  25.0,  36.0,  28.1,  79.2, 108.1,  183.3,  188.5,  108.2,  143.3,  704.9
1973,  32.0,   24.7,   17.6,   54.5,   71.4,   64.7,  50.9,  40.4,  81.1,  38.8,  32.1,  53.2,  164.9,  143.6,  156.0,  152.0,  561.6
1974, 109.8,  113.7,   35.4,   15.2,   30.0,   75.6,  51.9,  88.6, 168.2,  73.0, 153.0,  53.0,  276.7,   80.7,  216.1,  394.2,  967.5
1975, 128.0,   28.1,   95.2,   49.4,   54.7,   12.1,  37.2,  40.1, 134.0,  30.7,  71.5,  33.2,  209.2,  199.3,   89.4,  236.1,  714.2
1976,  18.4,   32.2,   21.9,   10.7,   25.1,   14.4,  31.0,  18.3, 132.4, 146.6, 125.0,  93.4,   83.8,   57.6,   63.7,  403.9,  669.1
1977,  88.0,  103.7,   75.4,   33.9,   48.7,   68.9,  22.0, 119.1,  23.7,  53.3,  84.1,  96.6,  285.0,  157.9,  210.0,  161.1,  817.3
1978, 103.2,   62.3,   66.8,   57.2,   54.6,   41.8,  77.8,  42.3,  20.7,   6.1,  22.8, 160.0,  262.2,  178.6,  161.9,   49.5,  715.5
1979,  76.2,   61.0,  114.4,   61.3,  106.1,   43.7,  33.9,  67.7,  20.2,  62.6,  59.7, 131.7,  297.1,  281.8,  145.3,  142.5,  838.4
1980,  53.6,   62.1,   85.3,   19.9,   26.1,  104.8,  76.3,  65.8,  56.5, 110.0,  50.8,  48.1,  247.4,  131.4,  246.9,  217.4,  759.5
1981,  34.1,   28.3,  134.3,   41.1,   92.4,   42.9,  48.2,  32.6, 134.9,  97.9,  43.3,  96.3,  110.6,  267.8,  123.7,  276.0,  826.3
1982,  47.7,   39.5,   81.3,   19.7,   46.2,   85.1,  31.7,  57.2,  66.2, 152.5, 110.3,  93.3,  183.5,  147.2,  174.0,  329.0,  830.8
1983,  72.2,   34.6,   44.4,  101.8,   98.2,   39.0,  28.3,  22.0,  69.0,  60.2,  44.1,  84.0,  200.0,  244.4,   89.4,  173.2,  697.6
1984, 133.5,   39.4,   74.0,    4.4,   82.5,   28.7,  29.5,  31.7,  79.6,  98.0, 116.0,  93.1,  256.9,  160.9,   90.0,  293.6,  810.5
1985,  67.2,   34.0,   56.4,   45.9,   56.6,   88.5,  52.6, 104.0,  18.9,  29.7,  58.1, 120.5,  194.3,  158.9,  245.1,  106.7,  732.4
1986, 121.5,   15.4,   65.0,   66.6,   65.0,   21.9,  43.9,  93.9,  35.5,  85.0, 117.0,  98.4,  257.5,  196.6,  159.7,  237.5,  829.1
1987,  19.9,   43.4,   72.0,   56.4,   43.2,   86.1,  75.1,  46.2,  42.9, 187.1,  72.7,  33.3,  161.7,  171.6,  207.4,  302.7,  778.2
1988, 158.9,   50.1,   78.6,   37.6,   43.0,   27.6,  88.6,  54.3,  46.0,  82.1,  30.5,  17.8,  242.3,  159.2,  170.4,  158.6,  714.9
1989,  33.2,   70.0,   75.8,   78.7,   11.7,   39.8,  29.5,  36.5,  33.8,  76.7,  46.0, 146.4,  121.0,  166.2,  105.7,  156.4,  677.9
1990, 114.3,  135.4,    8.3,   43.0,    9.5,   56.5,  15.4,  34.6,  37.1,  85.7,  50.4,  68.3,  396.0,   60.9,  106.5,  173.2,  658.5
1991,  96.1,   39.1,   57.5,   60.2,   14.7,  113.7,  84.1,  16.7,  51.8,  49.0,  74.0,  21.2,  203.5,  132.3,  214.4,  174.9,  678.0
1992,  20.9,   31.4,   56.4,   77.2,   34.3,   35.0,  74.3, 109.9,  78.9,  75.9, 136.2,  73.1,   73.5,  167.9,  219.2,  290.9,  803.5
1993,  93.4,    7.5,   30.3,   86.5,   58.7,   54.6,  58.9,  34.9, 114.0, 125.1,  54.3, 135.7,  174.1,  175.5,  148.3,  293.4,  854.0
1994, 115.7,   64.2,   56.9,   67.0,   85.1,   32.8,  25.9,  62.3,  85.1, 105.4,  63.2, 113.7,  315.6,  209.1,  120.9,  253.6,  877.2
1995, 156.9,  100.6,   54.6,   19.5,   29.5,   17.9,  32.2,   4.8, 129.9,  35.8,  71.1,  95.6,  371.2,  103.6,   55.0,  236.9,  748.6
1996,  61.4,   67.0,   41.9,   30.3,   46.1,   17.0,  34.1,  73.4,  28.4,  54.8, 133.5,  27.7,  224.0,  118.2,  124.5,  216.8,  615.6
1997,  15.8,   89.8,   16.1,   11.8,   48.3,  113.5,  28.3,  93.5,  11.6,  74.2, 125.9,  95.5,  133.3,   76.2,  235.3,  211.8,  724.3
1998, 105.4,    9.3,   68.0,  105.4,   25.3,  103.0,  35.6,  20.7, 105.9, 141.7,  62.0,  85.2,  210.2,  198.6,  159.3,  309.5,  867.4
1999, 114.2,   31.9,   37.0,   56.6,   36.3,   75.6,  13.2, 106.7, 124.4,  67.1,  42.1, 132.7,  231.3,  129.9,  195.6,  233.6,  837.9
2000,  26.8,   80.5,   22.3,  146.2,   99.7,   20.0,  56.9,  46.1, 108.1, 197.4, 171.6, 133.4,  240.0,  268.3,  123.1,  477.1, 1109.2
2001,  99.2,   99.6,  122.0,   78.5,   32.4,   23.4,  55.4,  79.8,  72.2, 132.9,  40.8,  25.6,  332.2,  233.0,  158.6,  245.9,  861.9
2002,  85.8,  102.0,   46.7,   43.3,   93.0,   59.1,  73.5,  47.5,  40.2,  93.6, 183.8, 140.8,  213.4,  183.0,  180.0,  317.6, 1009.3
2003,  86.6,   32.4,   25.2,   36.6,   45.7,   46.0,  58.0,  18.0,  12.2,  51.0, 143.2,  85.2,  259.8,  107.4,  122.0,  206.3,  640.0
2004, 103.5,   32.5,   43.5,   77.3,   51.6,   33.6,  53.3, 102.5,  35.1, 129.7,  34.7,  59.3,  221.2,  172.5,  189.4,  199.4,  756.7
2005,  39.3,   24.7,   51.5,   50.0,   33.0,   34.2,  61.5,  54.9,  40.0,  97.6,  54.5,  69.2,  123.3,  134.5,  150.6,  192.1,  610.3
2006,  23.3,   57.5,   58.6,   39.0,   96.3,   20.6,  38.9,  61.4,  71.2, 117.8,  96.9, 106.0,  150.0,  193.9,  120.9,  285.9,  787.5
2007,  79.6,  103.7,   55.7,    2.5,  104.5,  101.9, 119.6,  52.6,  30.6,  45.2,  81.3,  66.3,  289.3,  162.7,  274.1,  157.0,  843.4
2008, 108.4,   26.6,   92.7,   62.6,   86.5,   43.7,  76.5,  75.0,  72.1,  65.5,  97.7,  44.6,  201.3,  241.8,  195.2,  235.4,  852.0
2009,  90.1,   67.1,   38.5,   40.5,   36.1,   33.9,  84.0,  36.4,  27.5,  65.4, 189.8, 112.9,  201.8,  115.1,  154.3,  282.7,  822.0
2010,  72.4,   98.2,   58.9,   22.7,   30.1,   32.8,  26.1, 100.2,  51.0,  78.5,  76.6,  42.1,  283.5,  111.7,  159.1,  206.0,  689.5
2011,  99.6,   58.7,   16.0,    3.6,   27.2,   82.4,  49.2,  78.1,  40.3,  36.1,  45.6,  93.8,  200.4,   46.8,  209.6,  122.0,  630.5
2012,  48.7,   19.3,   26.6,  133.8,   42.7,  138.3, 103.7,  56.0,  66.9, 125.0, 102.2, 142.5,  161.8,  203.1,  298.0,  294.0, 1005.6
2013,  81.3,   38.1,   70.3,   41.8,   56.5,   22.8,  31.9,  39.0,  52.6, 138.5,  71.6, 161.3,  261.9,  168.5,   93.7,  262.7,  805.7
2014, 205.1,  146.9,   38.0,   75.3,   74.1,   37.5,  45.8, 102.1,  13.7, 110.9, 135.6,  54.0,  513.4,  187.3,  185.4,  260.3, 1039.0
2015,  96.5,   58.6,   23.4,   18.5,   62.8,   26.4,  59.8, 108.2,  67.5,  58.0,  77.5,  80.1,  209.0,  104.6,  194.4,  202.9,  737.2
2016, 131.2,   54.0,   80.8,   51.3,   63.5,   91.9,  18.1,  39.4,  51.3,  29.7, 100.7,  17.9,  265.3,  195.6,  149.4,  181.8,  729.9
2017,  81.6,   50.1,   41.8,    8.5,   68.6,   53.2,  95.4,  71.5,  70.7,  29.8,  48.5, 106.4,  149.6,  118.9,  220.1,  149.0,  726.0
2018,  81.2,   42.3,  100.8,   76.1,   54.5,    2.8,  30.0,  67.0,  38.6,  53.0, 113.9,  98.1,  230.0,  231.5,   99.7,  205.4,  758.3
2019,  32.8,   55.5,   63.5,   25.9,   31.0,   89.9,  49.0,  51.5,  92.0, 125.0, 112.9, 130.0,  186.3,  120.4,  190.4,  329.9,  858.8
2020,  78.5,  137.1,   55.0,   47.7,    4.9,   53.0,  36.9,  81.7,  35.2, 182.4,  64.3, 123.6,  345.6,  107.6,  171.6,  281.9,  900.3
2021, 108.9,   54.4,   37.2,   10.0,   93.6,   90.2,  80.2,  52.3,  46.8, 137.2,  14.2,  82.1,  286.8,  140.8,  222.7,  198.2,  807.1
2022,  26.0,   64.6,   42.7,   18.5,   50.7,   34.1,   5.6,  32.0,  85.6,  94.1, 189.3, 108.4,  172.7,  111.8,   71.8,  369.1,  751.7
2023,  99.2,    7.2,  130.6,   78.7,   38.0,   32.5,  89.6,  68.9,  64.3, 160.8, 130.3, 117.7,  214.9,  247.3,  191.0,  355.5, 1017.9
2024,  78.8,  147.9,  101.1,   76.7,   68.7,   18.3,  71.6,  41.0, 157.4,  91.2,  87.9,  51.3,  344.4,  246.5,  131.0,  336.5,  991.9
2025, 113.8,   65.4,    6.8,   24.8,   20.5,       ,      ,      ,      ,      ,      ,      ,  230.5,   52.0,       ,       ,       